timestamps,Model Root/Height_T1\n/In1,Model Root/TTS dSPACE RTI1104/PumpLeft/In1,Model Root/TTS dSPACE RTI1104/ValvePos_LD/In1
0.0,-3.200320320755787,0.0,0.9349853515625
0.10000213769535549,-3.8473684273509834,0.0,0.9349853515625
0.20000427578133895,-2.4285275146457845,0.0,0.9360026041666667
0.3000064138673224,-3.4252201013402988,0.0,0.9360026041666667
0.4000085517577645,-4.524061559773636,0.0,0.9349853515625
0.500010689843748,-4.79234781271009,0.0,0.9360026041666667
0.6000128279297314,-5.8395813259547555,0.0,0.9349853515625
0.7000149658201735,-7.602782532730931,0.0,0.9339680989583333
0.800017103906157,-7.645571610629978,0.0,0.9339680989583333
0.9000192419921405,-7.9167135936502575,0.0,0.9339680989583333
1.0000213791017813,-7.859610316837652,0.0,0.9339680989583333
1.100023514062741,-8.431142205124608,0.0,0.9339680989583333
1.2000256488281593,-6.961691144861572,0.0,0.9349853515625
1.300027783789119,-7.688366906858148,0.0,0.9349853515625
1.400029918554992,-8.57419878005203,0.0,0.9349853515625
1.500032053515497,-9.333562399047832,0.0,0.9349853515625
1.6000341884764566,-9.965470969789216,0.0,0.9339680989583333
1.7000363232423297,-11.71026253711603,0.0,0.9339680989583333
1.8000384582032893,-12.115498233935568,0.0,0.9339680989583333
1.9000405929687076,-11.305585849026556,0.0,0.9339680989583333
2.0000427279296673,-11.522307517344675,0.0,0.9339680989583333
2.1000448630861683,-12.579311466603933,0.0,0.9329508463541667
2.2000469982422146,-11.161193605252826,0.0,0.9339680989583333
2.3000491333987156,-11.768119085568955,0.0,0.9339680989583333
2.400051268554762,-11.985182833889414,0.0,0.9339680989583333
2.5000534035157216,-12.057573129482744,0.0,0.9349853515625
2.600055538671768,-13.261870407668098,0.0,0.9339680989583333
2.700057673828269,-15.231304151191875,0.0,0.9329508463541667
2.800059808984315,-15.02644972628445,0.0,0.9329508463541667
2.900061944140816,-14.558748796299959,0.0,0.9329508463541667
3.000064074218699,-14.777890555198884,0.0,0.93193359375
3.100066203906408,-14.748662172933908,0.0,0.9329508463541667
3.200068333593663,-12.927653583652699,0.0,0.9339680989583333
3.300070463281372,-13.829458678028637,0.0,0.9339680989583333
3.400072593164168,-14.836356077565803,0.0,0.9329508463541667
3.500074722851423,-15.31914282669537,0.0,0.9329508463541667
3.6000768525391322,-15.48024892090353,0.0,0.9329508463541667
3.7000789824219282,-15.509550471815729,0.0,0.9329508463541667
3.8000811121096376,-16.360574812521264,0.0,0.9329508463541667
3.900083242968776,-16.448753323845512,0.0,0.93193359375
4.00008537714848,-15.538854957802851,0.0,0.9329508463541667
4.100087511328184,-16.287113027255337,0.0,0.9329508463541667
4.200089645312801,-15.48024892090353,0.0,0.9329508463541667
4.30009177949205,-15.656102265332049,0.0,0.9339680989583333
4.400093913476667,-16.448753323845512,0.0,0.9339680989583333
4.5000960476563705,-16.62519016626094,0.0,0.9339680989583333
4.600098181640533,-16.463452328117857,0.0,0.9339680989583333
4.700100315820237,-16.91948839985102,0.0,0.9339680989583333
4.80010244999994,-17.066748699820426,0.0,0.9339680989583333
4.900104584179644,-18.706341211907795,0.0,0.93193359375
5.000106718554889,-17.243559050106608,0.0,0.9339680989583333
5.100108852929679,-17.70081484991081,0.0,0.9329508463541667
5.2001109873049245,-16.125562031758694,0.0,0.9339680989583333
5.300113121679715,-17.243559050106608,0.0,0.9339680989583333
5.40011525605496,-17.937098102112984,0.0,0.9329508463541667
5.50011739042975,-18.706341211907795,0.0,0.9329508463541667
5.600119524804541,-18.66190669131783,0.0,0.93193359375
5.700121659179786,-17.464722515758275,0.0,0.9329508463541667
5.800123793554576,-17.464722515758275,0.0,0.9278645833333333
5.900125925390512,-18.2327211513689,0.0,0.9207438151041667
6.00012805683582,-17.184610381311177,0.0,0.9115885416666667
6.100130188281128,-18.5286436773155,0.0,0.8993815104166667
6.2001323197264355,-17.08147881111925,0.0,0.8902262369791667
6.300134451171743,-16.845886060784053,0.0,0.8790364583333333
6.400136582617051,-17.95187215202347,0.0,0.8658121744791667
6.500138714257901,-18.706341211907795,0.0,0.852587890625
6.6001408457032085,-18.63228743296254,0.0,0.840380859375
6.700142977148516,-18.706341211907795,0.0,0.8271565755208333
6.800145109179994,-18.706341211907795,0.0,0.8129150390625
6.900147243164156,-18.706341211907795,0.0,0.7986735026041666
7.000149377148318,-18.706341211907795,0.102,0.7864664713541666
7.100151511132935,-8.030953387236096,0.102,0.7742594401041666
7.200153645117098,-11.27670171625812,0.102,0.7630696614583333
7.300155779101715,-15.202030451515682,0.102,0.7498453776041666
7.400157913085877,-16.78701752957394,0.102,0.7386555989583333
7.500160047070494,-17.937098102112984,0.102,0.7254313151041666
7.600162181054657,-18.5286436773155,0.102,0.7132242838541666
7.700164315039274,-18.706341211907795,0.102,0.7010172526041666
7.800166450585948,-18.64709668665725,0.102,0.6888102213541666
7.900168587304961,-18.706341211907795,0.102,0.6755859375
8.000170724218606,-18.706341211907795,0.102,0.66337890625
8.100172860937619,-18.706341211907795,0.102,0.6501546223958333
8.200174997656177,-17.302519611162122,0.102,0.63896484375
8.300177134570276,-16.772302248883086,0.102,0.6267578125
8.40017927128929,-16.081518153810855,0.102,0.61455078125
8.500181408203389,-14.909454408062818,0.102,0.60234375
8.600183544921947,-14.587958220215416,0.102,0.5891194661458333
8.700185681836047,-14.967946220727228,0.102,0.5758951822916666
8.800187813476441,-14.135539318171343,0.102,0.5636881510416666
8.900189944531121,-13.81489138570188,0.102,0.5494466145833332
9.000192075781342,-11.320028981595943,0.102,0.5372395833333332
9.100194206836022,-10.483499846936235,0.102,0.5240152994791666
9.200196337890702,-9.175797292559672,0.102,0.5128255208333332
9.300198468945382,-9.577547858041646,0.102,0.4996012369791666
9.400200600000062,-9.147121820782095,0.102,0.48637695312499996
9.500202731250283,-7.4174350004865115,0.102,0.47416992187499996
9.600204862304963,-6.165831187796807,0.102,0.46094563802083327
9.700206994922155,-6.904772694508418,0.102,0.44873860677083327
9.800209131640713,-6.250999222701747,0.102,0.4355143229166666
9.900211268164185,-7.445942414622025,0.102,0.42127278645833327
10.000213404882743,-4.693477166448803,0.102,0.41008300781249996
10.100215541601756,-3.945956442583831,0.102,0.39685872395833327
10.200217678320314,-1.2676134782803707,0.102,0.38465169270833327
10.300219815039327,-0.4869038793604892,0.102,0.37244466145833327
10.400221951757885,-0.13903404350676674,0.102,0.36023763020833327
10.500224088281357,-1.37931117587246,0.102,0.34599609374999996
10.600226224999915,-0.8351814018756323,0.102,0.33378906249999996
10.70022835937516,0.7635279234154613,0.102,0.32056477864583327
10.80023049238298,1.5804143513236113,0.102,0.30835774739583327
10.9002326253908,1.5389317442263026,0.102,0.2951334635416666
11.000234758203078,2.6156091510991795,0.102,0.28394368489583327
11.100236891210898,1.9534983612338124,0.102,0.2697021484374999
11.200239024218718,4.237089062315088,0.102,0.25952962239583327
11.30024115703145,6.476197455006866,0.102,0.24732259114583327
11.40024329003927,5.945237873173427,0.102,0.23409830729166659
11.50024542304709,6.816063788913758,0.102,0.22290852864583327
11.600247555859369,7.3590530683220665,0.102,0.20968424479166659
11.700249687500218,6.870406800215773,0.102,0.19645996093749996
11.800251819336154,8.820258421295854,0.102,0.18527018229166659
11.900253950976548,9.992223713747514,0.102,0.17306315104166659
12.000256082617398,11.534452192460794,0.102,0.16187337239583321
12.100258214257792,9.817390531741324,0.102,0.14763183593749996
12.200260345898641,13.361567354742704,0.102,0.13745930989583321
12.300262477539036,14.728073811405146,0.102,0.12423502604166659
12.400264609179885,15.270331173377738,0.102,0.11202799479166659
12.50026674082028,14.092014481661622,0.102,0.09880371093749996
12.60026887402364,15.04560907122939,0.102,0.08557942708333321
12.700271012500252,15.362816001490373,0.102,0.07235514322916659
12.800273150976864,17.27234465141916,0.102,0.059130859374999956
12.900275289648562,17.075355221587714,0.102,0.044889322916666585
13.000277428125173,19.078781588596826,0.102,0.033699544270833215
13.100279566601785,19.091833336991538,0.102,0.018440755208333215
13.200281705078396,21.73006466188703,0.102,0.008268229166666585
13.300283843750094,22.944201380389458,0.102,-0.003938802083333415
13.400285982226706,22.38938194288646,0.102,-0.013094075520833415
13.500288120703317,22.686267852248214,0.102,-0.013094075520833415
13.600290258398672,22.815261106922343,0.102,-0.014111328125000044
13.700292395312772,23.613839300922308,0.102,-0.015128580729166785
13.800294532421958,25.5631255829993,0.102,-0.015128580729166785
13.900296669531144,26.431303061945425,0.102,-0.015128580729166785
14.000298806640785,27.373398452499817,0.102,-0.014111328125000044
14.100300943554885,27.602136350814174,0.102,-0.015128580729166785
14.20030308066407,29.893183483478083,0.102,-0.014111328125000044
14.300305217773712,30.296536679893116,0.102,-0.014111328125000044
14.400307354882898,31.026332136413934,0.102,-0.014111328125000044
14.500309491796997,32.13047615284822,0.102,-0.013094075520833415
14.600311624609276,32.18057539181727,0.102,-0.014111328125000044
14.70031375683584,32.54356431004953,0.102,-0.015128580729166785
14.800315888867317,34.377357860447816,0.102,-0.014111328125000044
14.90031802089834,34.290266912558096,0.102,-0.015128580729166785
15.000320153124903,36.21333537350421,0.102,-0.014111328125000044
15.10032228515638,36.67073968717793,0.102,-0.014111328125000044
15.200324417382944,39.144632789502786,0.102,-0.012076822916666785
15.300326549413967,39.26723545789495,0.102,-0.012076822916666785
15.400328681445444,38.98518234927199,0.102,-0.013094075520833415
15.500330814062636,38.14989516511591,0.102,-0.013094075520833415
15.60033294824234,39.009718118508836,0.102,-0.013094075520833415
15.700335082422043,39.32852001426577,0.102,-0.015128580729166785
15.800337216601747,41.308135257187715,0.102,-0.014111328125000044
15.90033935078145,42.026241585390075,0.102,-0.015128580729166785
16.00034148515624,43.56688714014491,0.102,-0.014111328125000044
16.100343619335945,43.869349837890354,0.102,-0.015128580729166785
16.20034575351565,46.17146485497237,0.102,-0.014111328125000044
16.300347887695352,47.07128557967375,0.102,-0.013094075520833415
16.400350021875056,46.99938503534999,0.102,-0.014111328125000044
16.500352155469045,48.23164000957828,0.102,-0.013094075520833415
16.600354288867493,49.15003633632418,0.102,-0.013094075520833415
16.7003564220704,49.245317771473225,0.102,-0.014111328125000044
16.800358555273306,49.994768279241335,0.102,-0.014111328125000044
16.900360688476667,50.244235332659564,0.102,-0.015128580729166785
17.000362821875115,51.59546173636339,0.102,-0.014111328125000044
17.10036495507802,51.54813618580038,0.102,-0.015128580729166785
17.200367088281382,53.85984723967884,0.102,-0.013094075520833415
17.30036922148429,54.505916570293614,0.102,-0.013094075520833415
17.40037135468765,54.71711079234766,0.102,-0.013094075520833415
17.50037349101558,55.209426902570094,0.102,-0.013094075520833415
17.60037562753905,56.34394486076727,0.102,-0.013094075520833415
17.700377764258064,56.5074039634538,0.102,-0.014111328125000044
17.800379900781536,57.82414217285511,0.102,-0.014111328125000044
17.900382037500094,58.18456555288439,0.102,-0.015128580729166785
18.000384174023566,59.44914052580179,0.102,-0.014111328125000044
18.100386310742124,60.00468668952558,0.102,-0.015128580729166785
18.200388447265595,62.98856628255032,0.102,-0.013094075520833415
18.30039058398461,63.11478911445775,0.102,-0.013094075520833415
18.400392719531283,63.48175209485892,0.102,-0.013094075520833415
18.500394850585963,63.894176636038054,0.102,-0.013094075520833415
18.600396981836184,64.1231151780169,0.102,-0.014111328125000044
18.700399112890864,64.9576195601076,0.102,-0.014111328125000044
18.800401243945544,66.9056186193097,0.102,-0.013094075520833415
18.90040337519531,67.01924559026455,0.102,-0.014111328125000044
19.00040550624999,68.14244209774745,0.102,-0.013094075520833415
19.10040763750021,68.1084512402119,0.102,-0.014111328125000044
19.20040976855489,70.53739333728502,0.102,-0.013094075520833415
19.30041189960957,70.830166128191,0.102,-0.013094075520833415
19.400414031640594,71.24645252662712,0.102,-0.012076822916666785
19.500416164453327,71.60615244672975,0.102,-0.012076822916666785
19.600418297265605,71.8644977383875,0.102,-0.012076822916666785
19.700420429882797,72.36950110756528,0.102,-0.013094075520833415
19.80042256269553,73.60144370589485,0.102,-0.013094075520833415
19.90042469550781,74.26076183608816,0.102,-0.014111328125000044
20.000426828125,76.12157402635621,0.102,-0.013094075520833415
20.100428960937734,76.79931539068988,0.102,-0.014111328125000044
20.200431093750012,78.97005402380874,0.102,-0.012076822916666785
20.300433226367204,79.47800894298507,0.102,-0.012076822916666785
20.400435364453188,80.22786947878672,0.102,-0.011059570312500044
20.500437503320427,79.91925137346934,0.102,-0.011059570312500044
20.600439642382753,79.42282378468784,0.102,-0.012076822916666785
20.700441781249992,80.20583217410594,0.102,-0.011059570312500044
20.800443920312773,81.10850332610865,0.102,-0.011059570312500044
20.900446059179558,81.73494122369532,0.102,-0.012076822916666785
21.000448198046797,82.68947766183587,0.102,-0.012076822916666785
21.100450337109578,82.87577177312755,0.102,-0.012076822916666785
21.200452475976817,85.5852969784859,0.102,-0.010042317708333415
21.300454614844057,86.11886887813725,0.102,-0.010042317708333415
21.400456753515755,86.33648786730748,0.102,-0.010042317708333415
21.500458891992366,87.05395541464051,0.102,-0.009025065104166785
21.600461030664064,87.04309238648024,0.102,-0.009025065104166785
21.700463169140676,87.22773183314916,0.102,-0.010042317708333415
21.800465307812374,87.72700443237036,0.102,-0.009025065104166785
21.900467446288985,88.30164193024663,0.102,-0.008007812500000044
22.000469584961138,90.41033828993776,0.102,-0.009025065104166785
22.10047172343775,90.90652777582602,0.102,-0.009025065104166785
22.200473862109448,93.2410084083001,0.102,-0.006990559895833415
22.30047599804675,94.28127588459995,0.102,-0.005973307291666785
22.40047813105457,93.9490341345603,0.102,-0.005973307291666785
22.50048026425793,94.01335467051246,0.102,-0.004956054687500044
22.60048239726575,94.44196607096107,0.102,-0.004956054687500044
22.70048453027357,94.55977582545451,0.102,-0.004956054687500044
22.800486663476477,96.12107684849823,0.102,-0.003938802083333415
22.900488796484296,96.64410601369467,0.102,-0.005973307291666785
23.000490929492116,98.476279993797,0.102,-0.003938802083333415
23.100493062695477,98.35927911045107,0.102,-0.004956054687500044
23.200495195703297,100.45116179255322,0.102,-0.002921549479166785
23.300497328906204,101.19271682069302,0.102,-0.002921549479166785
23.400499462109565,101.59489802483562,0.102,-0.0008870442708334147
23.50050159531247,101.96509548512937,0.102,-0.0008870442708334147
23.60050372871092,101.91222372615087,0.102,0.0001302083333332149
23.70050586191428,101.59489802483562,0.102,-0.0019042968750000444
23.800507995117187,103.32763784987519,0.102,-0.0008870442708334147
23.900510128320548,103.44368699496614,0.102,-0.002921549479166785
24.000512261523454,105.5079544715508,0.102,0.0001302083333332149
24.100514394921902,106.2436095321194,0.102,-0.0019042968750000444
24.20051652792972,107.61815837071191,0.102,0.0001302083333332149
24.300518660742455,108.34103820564548,0.102,0.0001302083333332149
24.400520793359647,109.22004471962263,0.102,0.0011474609374999556
24.500522926171925,108.74928671737456,0.102,0.0011474609374999556
24.600525058789117,109.46053203750861,0.102,0.0011474609374999556
24.70052719140631,109.89947098280764,0.102,0.0011474609374999556
24.800529324219042,111.3606535829011,0.102,0.0011474609374999556
24.900531456836234,111.12080538725637,0.102,-0.0008870442708334147
25.000533589648512,112.69403026963654,0.102,0.0011474609374999556
25.100535722265704,112.76688018901636,0.102,0.0001302083333332149
25.200537856249866,115.13589437085899,0.102,0.0021647135416665853
25.300539991601454,115.34335666528806,0.102,0.0021647135416665853
25.40054212695304,115.37447129035769,0.102,0.0021647135416665853
25.50054426230463,116.37985366704773,0.102,0.003181966145833215
25.600546397656217,117.17704565273625,0.102,0.003181966145833215
25.700548533007805,117.20808927296277,0.102,0.0021647135416665853
25.800550668164306,117.99413713029428,0.102,0.003181966145833215
25.900552803515893,118.32488186985566,0.102,0.0021647135416665853
26.00055493886748,120.15198392117375,0.102,0.003181966145833215
26.100557074218614,120.22416251254427,0.102,0.003181966145833215
26.20055920625009,121.54295813736123,0.102,0.003181966145833215
26.30056133710923,122.60277107447283,0.102,0.003181966145833215
26.400563468164364,122.74672857648079,0.102,0.004199218749999956
26.500565599023503,123.22985098710495,0.102,0.004199218749999956
26.600567730078183,123.7435370908891,0.102,0.004199218749999956
26.700569860937776,123.68190954965577,0.102,0.003181966145833215
26.800571991992456,124.72903613670516,0.102,0.004199218749999956
26.900574122851594,125.05731193712714,0.102,0.003181966145833215
27.000576253906274,126.20541444267005,0.102,0.004199218749999956
27.100578385156496,126.0619741692883,0.102,0.0021647135416665853
27.200580518164315,128.63060692283312,0.102,0.005216471354166585
27.300582651367222,128.6919312976621,0.102,0.004199218749999956
27.40058478437504,128.95762969805034,0.102,0.004199218749999956
27.50058691738286,128.89632051772412,0.102,0.003181966145833215
27.600589050586223,129.2947679588492,0.102,0.003181966145833215
27.700591183594042,129.7441231139012,0.102,0.003181966145833215
27.80059331679695,130.32596966238236,0.102,0.003181966145833215
27.90059544980477,129.89727029097682,0.102,0.0021647135416665853
28.00059758281259,132.25310981680778,0.102,0.003181966145833215
28.100599716406123,132.84386736362782,0.102,0.003181966145833215
28.200601850000112,134.85842699868272,0.102,0.004199218749999956
28.300603983593646,135.2446882222467,0.102,0.003181966145833215
28.400606117187635,135.0719015964205,0.102,0.003181966145833215
28.50060825078117,135.2141981581842,0.102,0.003181966145833215
28.60061038437516,135.44793684180604,0.102,0.003181966145833215
28.700612517968693,134.93975487727963,0.102,0.0011474609374999556
28.800614651562682,136.4027803386467,0.102,0.0021647135416665853
28.900616785156217,137.39752611609399,0.102,0.0011474609374999556
29.000618918750206,139.4659354415187,0.102,0.003181966145833215
29.100621051758026,139.99270253900013,0.102,0.0011474609374999556
29.200623184179676,141.1064088910345,0.102,0.0021647135416665853
29.300625316796868,141.1266505940592,0.102,0.0011474609374999556
29.40062744941406,141.79447964402672,0.102,0.0021647135416665853
29.500629581836165,143.0383254704655,0.102,0.0021647135416665853
29.600631714453357,142.68448240003073,0.102,0.0011474609374999556
29.700633846875007,142.74514661669625,0.102,0.0001302083333332149
29.8006359794922,143.39209305133608,0.102,0.0001302083333332149
29.900638111914304,143.3011313994608,0.102,-0.0019042968750000444
30.000640244726583,145.44250718944738,0.102,-0.0008870442708334147
30.1006423787112,145.30117579897146,0.102,-0.0019042968750000444
30.200644512695362,147.00652578701187,0.102,-0.0008870442708334147
30.30064664667998,147.25866610351076,0.102,-0.0008870442708334147
30.40064878066414,147.80317840202463,0.102,-0.0008870442708334147
30.500650914648304,148.40801791009878,0.102,0.0001302083333332149
30.60065304863292,148.87160688104032,0.102,-0.0008870442708334147
30.700655182617083,149.35524213634602,0.102,-0.0008870442708334147
30.8006573166017,149.77833287344527,0.102,-0.0019042968750000444
30.900659450585863,148.99252611366808,0.102,-0.003938802083333415
31.000661583593683,150.92631093783388,0.102,-0.002921549479166785
31.100663714843904,151.2585114723877,0.102,-0.003938802083333415
31.200665846289212,153.45188919256242,0.102,-0.0019042968750000444
31.30066797753898,153.64296390913972,0.102,-0.0019042968750000444
31.400670108984286,153.6228514428486,0.102,-0.002921549479166785
31.500672240429594,153.92452222012338,0.102,-0.002921549479166785
31.600674371679816,154.10550813913352,0.102,-0.002921549479166785
31.700676503125123,153.96474237938233,0.102,-0.004956054687500044
31.80067863457043,155.32182304803138,0.102,-0.003938802083333415
31.900680765820198,155.00020492336512,0.102,-0.005973307291666785
32.000682895898535,156.5978931800529,0.102,-0.004956054687500044
32.100685025586245,156.87915850050118,0.102,-0.004956054687500044
32.2006871552735,158.6766641061224,0.102,-0.003938802083333415
32.30068928496121,158.6967425071319,0.102,-0.003938802083333415
32.40069141464846,158.7569770142716,0.102,-0.004956054687500044
32.50069354433617,159.98152522410288,0.102,-0.004956054687500044
32.60069567402343,160.3528246706986,0.102,-0.004956054687500044
32.70069780371114,160.08187998498855,0.102,-0.005973307291666785
32.80069993339839,160.80435724540808,0.102,-0.006990559895833415
32.90070206328119,160.6036824885092,0.102,-0.008007812500000044
33.000704197265804,162.71028587282467,0.102,-0.006990559895833415
33.10070633105488,163.08134518844366,0.102,-0.008007812500000044
33.200708464843956,165.16678729202118,0.102,-0.005973307291666785
33.30071059863303,164.53522613608698,0.102,-0.006990559895833415
33.400712732617194,164.68560438208132,0.102,-0.006990559895833415
33.50071486640627,165.77823248452157,0.102,-0.005973307291666785
33.600717000195345,165.68802321662565,0.102,-0.006990559895833415
33.70071913398442,165.5877891125064,0.102,-0.008007812500000044
33.80072126796904,166.91075006698298,0.102,-0.008007812500000044
33.90072340292954,166.57001332102107,0.102,-0.010042317708333415
34.000725539648556,169.32552410847026,0.102,-0.008007812500000044
34.100727676562656,169.28545059178683,0.102,-0.010042317708333415
34.200729813281214,171.0084686155266,0.102,-0.008007812500000044
34.30073195019531,171.28893501284128,0.102,-0.009025065104166785
34.400734086914326,171.78975301583725,0.102,-0.008007812500000044
34.500736223632885,172.4007275777363,0.102,-0.008007812500000044
34.600738360546984,171.85986610298212,0.102,-0.009025065104166785
34.70074049726554,171.78975301583725,0.102,-0.010042317708333415
34.800742633984555,172.96160235505303,0.102,-0.010042317708333415
34.90074476718746,172.3806960003976,0.102,-0.012076822916666785
35.0007468990234,174.08330542209555,0.102,-0.010042317708333415
35.10074903085933,174.88449325280826,0.102,-0.011059570312500044
35.20075116269527,176.5469168942086,0.102,-0.010042317708333415
35.30075329433612,177.22790544362752,0.102,-0.010042317708333415
35.400755426172054,177.6084593234123,0.102,-0.010042317708333415
35.50075755800799,178.0090445208844,0.102,-0.010042317708333415
35.600759689648385,178.04910319551257,0.102,-0.011059570312500044
35.70076182148432,178.29947066268724,0.102,-0.011059570312500044
35.8007639535158,179.55133386320765,0.102,-0.011059570312500044
35.9007660894531,179.53130363192588,0.102,-0.012076822916666785
36.000768225585944,181.013590447714,0.102,-0.011059570312500044
36.1007703615237,181.14379684854575,0.102,-0.011059570312500044
36.200772497461,182.81654868639924,0.102,-0.009025065104166785
36.300774633398305,182.81654868639924,0.102,-0.010042317708333415
36.40077676933606,183.3073965066958,0.102,-0.010042317708333415
36.500778905273364,184.18897265431707,0.102,-0.009025065104166785
36.60078104121112,184.37932262609178,0.102,-0.010042317708333415
36.70078317714842,184.5997323784537,0.102,-0.010042317708333415
36.800785311718755,185.22091430640484,0.102,-0.011059570312500044
36.90078744453149,185.1507787958563,0.102,-0.012076822916666785
37.00078957734377,186.5736380093686,0.102,-0.011059570312500044
37.1007917101565,186.9243804132846,0.102,-0.012076822916666785
37.20079384296878,189.25975066486268,0.102,-0.010042317708333415
37.30079597578151,189.1595038365235,0.102,-0.011059570312500044
37.40079810859379,188.81867610120491,0.102,-0.011059570312500044
37.50080024140652,189.62065219394245,0.102,-0.010042317708333415
37.60080237441434,190.17206956234125,0.102,-0.011059570312500044
37.70080450722662,190.472863614975,0.102,-0.011059570312500044
37.800806641992494,191.03438659037326,0.102,-0.012076822916666785
37.90080877753917,190.49291708723084,0.102,-0.014111328125000044
38.00081091308584,193.29107436752608,0.102,-0.011059570312500044
38.10081304863297,193.260978894139,0.102,-0.013094075520833415
38.200815184179646,195.578867921635,0.102,-0.011059570312500044
38.30081731992186,195.77960417855772,0.102,-0.011059570312500044
38.40081945546899,195.89001287560458,0.102,-0.011059570312500044
38.500821591015665,196.39190456257379,0.102,-0.011059570312500044
38.600823726562794,196.4722124499316,0.102,-0.011059570312500044
38.70082586191393,196.44209682224567,0.102,-0.012076822916666785
38.80082799453112,197.42598091139945,0.102,-0.011059570312500044
38.90083012714831,196.30155991928757,0.102,-0.014111328125000044
39.000832259961044,198.36991882958353,0.102,-0.012076822916666785
39.100834392578236,198.9424111440842,0.102,-0.013094075520833415
39.20083652519543,201.32365788659914,0.102,-0.011059570312500044
39.30083865781262,201.91668780559195,0.102,-0.011059570312500044
39.4008407906249,201.80611574493292,0.102,-0.012076822916666785
39.50084292324209,201.60508406591637,0.102,-0.012076822916666785
39.60084505585928,202.42938342877886,0.102,-0.012076822916666785
39.70084718945327,202.60029793509415,0.102,-0.013094075520833415
39.80084932441423,203.2237016658976,0.102,-0.014111328125000044
39.90085145917965,203.03264710249817,0.102,-0.015128580729166785
40.00085359414061,205.69829717477333,0.102,-0.013094075520833415
40.10085572910157,205.70836015511944,0.102,-0.014111328125000044
40.20085786406253,207.4195107596777,0.102,-0.013094075520833415
40.30085999902349,207.89275189600042,0.102,-0.012076822916666785
40.40086213378936,208.12436341455785,0.102,-0.013094075520833415
40.500864268749865,208.43656209051645,0.102,-0.013094075520833415
40.600866403710825,208.31570735266857,0.102,-0.014111328125000044
40.700868536718644,208.89988137524227,0.102,-0.014111328125000044
40.80087066875012,210.17940223714427,0.102,-0.013094075520833415
40.900872800781144,209.13156660961923,0.102,-0.015128580729166785
41.00087493261708,210.66313902865005,0.102,-0.013094075520833415
41.10087706464856,210.149171227502,0.102,-0.015128580729166785
41.20087919667958,212.2559865047215,0.102,-0.013094075520833415
41.30088132871106,212.649288756088,0.102,-0.013094075520833415
41.40088346074208,213.61764208259973,0.102,-0.013094075520833415
41.50088559277356,214.32393675213208,0.102,-0.013094075520833415
41.60088772480458,214.82853931167404,0.102,-0.013094075520833415
41.700889862695476,215.29285260721386,0.102,-0.015128580729166785
41.80089200039083,215.7774346631185,0.102,-0.015128580729166785
41.90089413808619,215.28275803173577,0.102,-0.017163085937500044
42.00089627578154,218.00961726806943,0.102,-0.014111328125000044
42.100898413671985,217.90857453431386,0.102,-0.015128580729166785
42.20090055136734,219.92003215168762,0.102,-0.014111328125000044
42.300902689062696,220.37509276338028,0.102,-0.014111328125000044
42.40090482675805,219.98070242367845,0.102,-0.014111328125000044
42.50090696464849,220.65828078614155,0.102,-0.014111328125000044
42.60090910273448,222.13539509253036,0.102,-0.013094075520833415
42.70091124218743,222.42889330393922,0.102,-0.014111328125000044
42.80091338164084,223.07673029544833,0.102,-0.014111328125000044
42.90091552089871,222.41877212766408,0.102,-0.016145833333333415
43.00091766035166,224.43366343791195,0.102,-0.014111328125000044
43.100919799804615,224.91990302537758,0.102,-0.015128580729166785
43.20092193925802,227.1598288090515,0.102,-0.013094075520833415
43.30092407851589,227.2409492784181,0.102,-0.014111328125000044
43.400926217968845,227.2003887171143,0.102,-0.014111328125000044
43.5009283574218,227.7175848716544,0.102,-0.014111328125000044
43.60093049199213,228.33633205579216,0.102,-0.014111328125000044
43.70093262402361,228.9349381304487,0.102,-0.014111328125000044
43.80093475605463,230.15288636898833,0.102,-0.014111328125000044
43.90093688808611,228.8334693658401,0.102,-0.016145833333333415
44.00093901992204,230.60977129004812,0.102,-0.015128580729166785
44.100941151953066,230.68084987010855,0.102,-0.015128580729166785
44.20094328398454,232.9056316626114,0.102,-0.014111328125000044
44.300945416015566,233.40369054775257,0.102,-0.014111328125000044
44.40094754804704,234.79676291841463,0.102,-0.013094075520833415
44.500949680078065,235.5800813873057,0.102,-0.013094075520833415
44.60095181582028,235.74288063775333,0.102,-0.013094075520833415
44.7009539515625,235.61060541305352,0.102,-0.014111328125000044
44.80095608750025,236.11939585134877,0.102,-0.015128580729166785
44.90095822324247,235.90569083732473,0.102,-0.016145833333333415
45.00096035898423,238.5834580565569,0.102,-0.014111328125000044
45.100962494726446,239.33743537343514,0.102,-0.015128580729166785
45.2009646306642,240.57080044934855,0.102,-0.013094075520833415
45.30096676640642,240.81551022754357,0.102,-0.014111328125000044
45.400968902148634,241.14182879583055,0.102,-0.014111328125000044
45.50097103789085,241.83540333786652,0.102,-0.014111328125000044
45.60097317285181,242.73326863880175,0.102,-0.014111328125000044
45.700975308007855,243.0598486111776,0.102,-0.014111328125000044
45.800977442968815,243.63147079544112,0.102,-0.014111328125000044
45.90097957812486,242.7434735886013,0.102,-0.016145833333333415
46.00098171328136,244.72405721698829,0.102,-0.015128580729166785
46.10098384824232,245.28586116341668,0.102,-0.016145833333333415
46.20098598339837,247.98435558992952,0.102,-0.013094075520833415
46.30098811835933,248.33210977342213,0.102,-0.013094075520833415
46.40099025351583,248.53669458538917,0.102,-0.013094075520833415
46.50099238457051,248.8947599337831,0.102,-0.012076822916666785
46.60099451347651,249.25287863215547,0.102,-0.012076822916666785
46.70099664238296,249.17101822696995,0.102,-0.013094075520833415
46.80099877128896,249.94880455625076,0.102,-0.013094075520833415
46.90100089999987,249.9897476418293,0.102,-0.014111328125000044
47.001003028906325,252.170971449312,0.102,-0.014111328125000044
47.10100515781278,252.9702219933095,0.102,-0.013094075520833415
47.20100728671878,255.58499237182986,0.102,-0.011059570312500044
47.30100941562523,255.95436223802693,0.102,-0.011059570312500044
47.40101154453123,256.08775949314634,0.102,-0.010042317708333415
47.5010136792971,256.43667894221875,0.102,-0.010042317708333415
47.60101581406252,257.329728008413,0.102,-0.009025065104166785
47.70101794863285,257.37079553159566,0.102,-0.009025065104166785
47.801020083398726,258.4593340603521,0.102,-0.009025065104166785
47.901022218164144,258.24364209747705,0.102,-0.010042317708333415
48.00102435292956,259.89776013959954,0.102,-0.009025065104166785
48.101026487499894,259.89776013959954,0.102,-0.009025065104166785
48.20102862226577,262.8182568112555,0.102,-0.005973307291666785
48.301030757031185,263.5386176499087,0.102,-0.005973307291666785
48.40103289179706,263.7033002593216,0.102,-0.005973307291666785
48.501035026953105,263.6724214577031,0.102,-0.004956054687500044
48.60103716230469,264.2385923205649,0.102,-0.004956054687500044
48.70103929746119,264.187117045518,0.102,-0.005973307291666785
48.80104143281278,264.92846105447427,0.102,-0.005973307291666785
48.90104356816437,265.98936747063846,0.102,-0.005973307291666785
49.001045703320415,267.1434694285549,0.102,-0.004956054687500044
49.101047838672,267.3186904823504,0.102,-0.004956054687500044
49.20104997382805,269.72143192189407,0.102,-0.002921549479166785
49.301052109179636,270.37147599356445,0.102,-0.0019042968750000444
49.40105424374997,270.80492685974957,0.102,-0.0019042968750000444
49.50105637792967,270.9184613256929,0.102,-0.0019042968750000444
49.60105851191429,271.2694164667334,0.102,-0.0019042968750000444
49.70106064609399,271.5894449734308,0.102,-0.0019042968750000444
49.801062780273696,272.43615520962356,0.102,-0.0019042968750000444
49.9010649144534,273.148835917121,0.102,-0.0019042968750000444
50.001067048633104,275.29832927267563,0.102,0.0001302083333332149
50.101069182617266,274.9778659383686,0.102,-0.0008870442708334147
50.20107131679697,276.23925710153344,0.102,0.0011474609374999556
50.30107345097667,276.435754463266,0.102,0.0011474609374999556
50.40107558320324,277.2736074697021,0.102,0.0011474609374999556
50.5010777154298,278.19449680391824,0.102,0.0011474609374999556
50.601079847656365,279.05357078433383,0.0,0.0021647135416665853
50.70108197988293,272.22961605922046,0.0,0.0011474609374999556
50.80108411191395,274.34738499896054,0.0,0.0011474609374999556
50.901086244140515,276.69432453700074,0.0,-0.0008870442708334147
51.00108837636708,280.1096500045479,0.0,0.0011474609374999556
51.10109050859364,281.00036657776747,0.0,0.0001302083333332149
51.20109264062512,283.0935678206561,0.0,0.0021647135416665853
51.301094774414196,282.9484473163872,0.0,0.0021647135416665853
51.40109691230464,283.08320183926594,0.0,0.0021647135416665853
51.501099050195535,283.103933837577,0.0,0.0021647135416665853
51.60110118808598,282.7515092199813,0.0,0.0021647135416665853
51.70110332597642,282.1814979429919,0.0,0.0011474609374999556
51.801105463867316,282.8136988080805,0.0,0.0021647135416665853
51.90110760175776,282.046783845182,0.0,0.0001302083333332149
52.001109739648655,282.7204149073984,0.0,0.0011474609374999556
52.1011118775391,283.12466597799397,0.0,0.0011474609374999556
52.201114015429994,284.52441217959466,0.0,0.003181966145833215
52.30111615234364,284.140714236656,0.0,0.0021647135416665853
52.40111828886711,283.2697949370604,0.0,0.0021647135416665853
52.50112042539058,283.5497061176188,0.0,0.0021647135416665853
52.601122562109595,283.7881693020366,0.0,0.003181966145833215
52.701124698633066,283.103933837577,0.0,0.0021647135416665853
52.80112683515654,283.021006697303,0.0,0.0021647135416665853
52.901128971679555,282.3473082363691,0.0,0.0001302083333332149
53.001131108203026,283.2594283522191,0.0,0.0001302083333332149
53.1011332447265,283.07283589341057,0.0,0.0001302083333332149
53.20113538144551,284.399964351315,0.0,0.0021647135416665853
53.301137519531494,284.9081579612425,0.0,0.003181966145833215
53.401139657812564,284.56589590760854,0.0,0.003181966145833215
53.501141796093634,283.2697949370604,0.0,0.0011474609374999556
53.60114393437516,283.103933837577,0.0,0.0021647135416665853
53.70114607265623,282.8551592464034,0.0,0.0011474609374999556
53.801148210937754,282.7411444134464,0.0,0.0001302083333332149
53.90115034902374,281.9638858810576,0.0,-0.0008870442708334147
54.00115248730481,283.3008949043234,0.0,0.0001302083333332149
54.10115462558588,282.7100502078935,0.0,-0.0008870442708334147
54.20115676328123,284.17182309332816,0.0,0.0001302083333332149
54.301158898437734,284.13034468796593,0.0,0.0011474609374999556
54.40116103378932,283.63264771582885,0.0,0.0001302083333332149
54.50116316914091,283.11429989002437,0.0,0.0001302083333332149
54.601165304296956,282.575312363175,0.0,-0.0008870442708334147
54.70116743964854,282.140046804817,0.0,-0.0019042968750000444
54.80116957500013,282.22294965549764,0.0,-0.0019042968750000444
54.90117171015618,281.3733046662154,0.0,-0.003938802083333415
55.001173845507765,283.23869528893147,0.0,-0.0019042968750000444
55.10117598085935,281.9224377624267,0.0,-0.003938802083333415
55.201178116992196,283.1557644549946,0.0,-0.002921549479166785
55.30118025371121,282.9173509726063,0.0,-0.002921549479166785
55.401182390624854,282.5856765984513,0.0,-0.003938802083333415
55.50118452734387,282.5649481636376,0.0,-0.002921549479166785
55.601186664257966,283.97480567290626,0.0,-0.0019042968750000444
55.701188800976524,283.12466597799397,0.0,-0.002921549479166785
55.801190937890624,282.22294965549764,0.0,-0.002921549479166785
55.90119307460964,280.36855136924305,0.0,-0.005973307291666785
56.001195211328195,282.046783845182,0.0,-0.003938802083333415
56.101197348242295,281.5908735702166,0.0,-0.004956054687500044
56.20119948398451,283.1868632515449,0.0,-0.002921549479166785
56.301201619726726,282.32658144773325,0.0,-0.003938802083333415
56.4012037552734,281.7566510502133,0.0,-0.003938802083333415
56.501205891015616,281.6737611551461,0.0,-0.004956054687500044
56.601208026562745,281.2179080816377,0.0,-0.005973307291666785
56.70121016230496,280.896781018677,0.0,-0.005973307291666785
56.801212297851635,281.57015203518694,0.0,-0.005973307291666785
56.90121443339831,280.6274756093115,0.0,-0.006990559895833415
57.001216569140524,281.03144295466,0.0,-0.006990559895833415
57.101218704101484,280.0060958775619,0.0,-0.009025065104166785
57.201220837109304,281.6012343919261,0.0,-0.006990559895833415
57.30122296992204,281.24898674605924,0.0,-0.008007812500000044
57.40122510292986,280.96929052809804,0.0,-0.008007812500000044
57.50122723593768,281.02108412601103,0.0,-0.008007812500000044
57.601229368749955,280.33748199644435,0.0,-0.009025065104166785
57.701231501757775,279.90254542439874,0.0,-0.010042317708333415
57.801233634765595,280.2132078014372,0.0,-0.010042317708333415
57.90123576757833,278.7637340234316,0.0,-0.012076822916666785
58.00123790058615,280.47211832368174,0.0,-0.010042317708333415
58.10124003710962,280.51354612939014,0.0,-0.010042317708333415
58.20124217636749,281.01072533371223,0.0,-0.010042317708333415
58.30124431542981,280.4617614636476,0.0,-0.010042317708333415
58.40124645468768,280.3996210714476,0.0,-0.010042317708333415
58.50124859394555,279.50908727646777,0.0,-0.010042317708333415
58.601250733203415,279.3330837758393,0.0,-0.011059570312500044
58.70125287226574,279.7368723506449,0.0,-0.010042317708333415
58.80125501152361,280.0060958775619,0.0,-0.010042317708333415
58.901257150781476,278.9604057927299,0.0,-0.012076822916666785
59.00125929003934,280.33748199644435,0.0,-0.009025065104166785
59.10126142441413,278.5774257874539,0.0,-0.004956054687500044
59.20126355820321,280.151072683135,0.0,0.004199218749999956
59.30126569179674,280.3581948750376,0.0,0.014371744791666585
59.40126782558582,280.51354612939014,0.0,0.025561523437499956
59.501269959374895,279.92325522093773,0.0,0.038785807291666585
59.601272092968884,278.80513749128113,0.0,0.049975585937499956
59.70127422675796,278.6912793870873,0.0,0.061165364583333215
59.801276360547035,279.0018120845425,0.0,0.07540690104166659
59.90127849433611,277.43913864443556,0.0,0.08557942708333321
60.00128062773456,279.26061485230747,0.0,0.10083821614583321
60.101282758984325,279.012163750289,0.0,0.11304524739583321
60.20128489042963,280.1717842425443,0.0,0.12626953124999996
60.301287021679855,279.4055545119155,0.0,0.13847656249999996
60.40128915312516,279.302025443733,0.0,0.15170084635416659
60.50129128437493,279.26061485230747,0.0,0.16289062499999996
60.60129341562515,279.11568244815635,0.0,0.17509765624999996
60.70129554707046,278.02892174228936,0.0,0.18628743489583321
60.801297678320225,278.23589206627634,0.0,0.19849446614583321
60.90129980976553,276.9736068502021,0.0,0.20968424479166659
61.00130194082021,278.4221781473884,0.0,0.22290852864583327
61.101304071679806,278.3186843856544,0.0,0.23409830729166659
61.201306202734486,279.74722664162226,0.0,0.24935709635416659
61.301308333593624,278.78443568296916,0.0,0.2605468749999999
61.401310464648304,278.16345074992887,0.0,0.27173665364583327
61.5013125955079,277.1080859560249,0.0,0.28394368489583327
61.60131472656258,276.70466783357074,0.0,0.2951334635416666
61.70131685742217,276.73569795089674,0.0,0.3073404947916666
61.80131898847685,276.8598218327075,0.0,0.32056477864583327
61.90132111933599,275.8463036644102,0.0,0.3317545572916666
62.0013232490237,276.49780911525954,0.0,0.34599609374999996
62.10132537851587,275.3810354856055,0.0,0.35718587239583327
62.201327508008035,276.8908536557987,0.0,0.37041015624999996
62.3013296375002,276.69432453700074,0.0,0.3836344401041666
62.40133176699237,276.48746657821385,0.0,0.39685872395833327
62.50133389648454,276.3426750526676,0.0,0.41008300781249996
62.60133602597671,275.33968207189355,0.0,0.42229003906249996
62.701338155468875,274.6057614397163,0.0,0.43347981770833327
62.80134028496104,274.22337290326783,0.0,0.44670410156249996
62.90134241542955,272.3638647156234,0.0,0.4568766276041666
63.001344552148566,273.96503231086086,0.0,0.4721354166666666
63.10134668867204,273.72738041479823,0.0,0.4843424479166666
63.20134882519551,275.0915745017661,0.0,0.49858398437499996
63.30135096191407,274.54374888888134,0.0,0.510791015625
63.40135309843754,272.49812002457116,0.0,0.5219807942708332
63.50135523515655,271.22812524258615,0.0,0.5341878255208332
63.60135737167957,271.3416776371321,0.0,0.547412109375
63.70135950820304,270.5675521917411,0.0,0.559619140625
63.80136164492205,270.01032077174625,0.0,0.571826171875
63.90136378066427,268.81370071783516,0.0,0.584033203125
64.00136591582032,270.33019863131324,0.0,0.5992919921875
64.10136805097682,268.8652679909357,0.0,0.6094645182291666
64.20137018593778,269.3191034839397,0.0,0.6226888020833333
64.30137232109382,268.4527581012876,0.0,0.6359130859375
64.40137445624987,267.54546463662797,0.0,0.6481201171875
64.50137659121083,266.957954116735,0.0,0.6613444010416666
64.60137872636733,266.7003159378967,0.0,0.6735514322916666
64.70138086152338,265.84514092091194,0.0,0.6857584635416666
64.80138299667988,264.6401350738694,0.0,0.6969482421875
64.90138513164084,263.3842373941546,0.0,0.7091552734375
65.00138726679688,263.8885809378282,0.0,0.7223795572916666
65.10138940175784,262.1701072921747,0.0,0.7335693359375
65.20139153691434,263.2710311712435,0.0,0.7467936197916666
65.3013936718753,262.8182568112555,0.0,0.7590006510416666
65.40139580703135,262.01581050800604,0.0,0.7712076822916666
65.50139794199231,261.54269265200617,0.0,0.7844319661458333
65.60140007695327,260.607004646214,0.0,0.7956217447916666
65.70140221210931,259.3942162618724,0.0,0.8078287760416666
65.80140434667965,259.1270711144389,0.0,0.8220703125
65.90140647910175,256.89856037310943,0.0,0.8332600911458333
66.00140861132832,258.3155373288311,0.0,0.8475016276041667
66.10141074355488,257.8123146250955,0.0,0.85869140625
66.20141287578144,259.31201469538195,0.0,0.8729329427083333
66.30141500800801,258.44906258812017,0.0,0.8851399739583333
66.40141714023457,257.64801921573866,0.0,0.8973470052083333
66.50141927246113,256.91909045187,0.0,0.9095540364583333
66.6014214046877,255.21567826702477,0.0,0.9156575520833333
66.70142353691426,254.21060615790464,0.0,0.9146402994791667
66.80142567109397,254.34390821499892,0.0,0.9156575520833333
66.9014278074219,253.39044652576445,0.0,0.913623046875
67.00142994375028,253.76973597147412,0.0,0.9146402994791667
67.10143208007821,253.04196249421886,0.0,0.913623046875
67.20143421640614,254.17984518098405,0.0,0.9156575520833333
67.30143635273453,253.9747819352254,0.0,0.9156575520833333
67.40143848906246,253.031713721343,0.0,0.9156575520833333
67.50144062539084,252.37588234926002,0.0,0.9166748046875
67.60144276171877,251.20812267881973,0.0,0.9156575520833333
67.70144489804716,250.27636872943634,0.0,0.9166748046875
67.80144703652331,249.8157443358463,0.0,0.9166748046875
67.90144917578118,248.30142355468118,0.0,0.9156575520833333
68.00145131503905,249.23241326962344,0.0,0.9166748046875
68.10145345410183,248.4650879189811,0.0,0.9166748046875
68.20145559335924,249.40637440200868,0.0,0.9187093098958333
68.30145773261711,248.93568508514863,0.0,0.9197265625
68.40145987167989,248.06617557204444,0.0,0.9197265625
68.50146201093776,246.900504155331,0.0,0.9197265625
68.60146415019517,245.87845179197865,0.0,0.9197265625
68.70146628886732,245.4391033029119,0.0,0.9207438151041667
68.80146842363274,245.2143515211375,0.0,0.9207438151041667
68.90147055820307,243.28439818976454,0.0,0.9197265625
69.00147269296895,243.63147079544112,0.0,0.9207438151041667
69.10147482773436,243.0598486111776,0.0,0.9207438151041667
69.20147696250024,244.21344074123925,0.0,0.9217610677083333
69.30147909707057,243.29460548930822,0.0,0.9227783203125
69.40148123183599,242.20267117917084,0.0,0.9227783203125
69.50148336660186,241.67219126200968,0.0,0.9237955729166667
69.60148550136728,241.0602449885161,0.0,0.9237955729166667
69.70148763554698,239.64316927946433,0.0,0.9227783203125
69.80148976874989,239.0826868455291,0.0,0.9227783203125
69.90149190175771,238.2269295115905,0.0,0.9227783203125
70.00149403496107,239.77566606400404,0.0,0.9248128255208333
70.10149616816398,237.95192929494726,0.0,0.9237955729166667
70.20149830136734,238.48158736568033,0.0,0.9248128255208333
70.30150043457024,237.92137565441948,0.0,0.9237955729166667
70.4015025677736,237.43257010904256,0.0,0.9237955729166667
70.50150470078142,236.58757761454524,0.0,0.9248128255208333
70.60150683398433,235.45798913084153,0.0,0.9237955729166667
70.70150897070334,234.58317449107855,0.0,0.9237955729166667
70.8015111083987,234.22723549510906,0.0,0.925830078125
70.90151324628914,232.27558008181407,0.0,0.9248128255208333
71.0015153839845,232.71253410035845,0.0,0.9248128255208333
71.10151752187494,232.5194517787781,0.0,0.9248128255208333
71.20151965976584,233.84084640407713,0.0,0.9268473307291667
71.30152179746119,233.3426982861997,0.0,0.9278645833333333
71.40152393535163,231.95045555895018,0.0,0.9278645833333333
71.50152607304699,230.77223962306195,0.0,0.9278645833333333
71.60152821035172,230.15288636898833,0.0,0.9278645833333333
71.70153034218765,229.4118967171761,0.0,0.9278645833333333
71.80153247382805,228.91464404705366,0.0,0.9278645833333333
71.90153460566398,227.44376189031567,0.0,0.9268473307291667
72.00153673730483,227.6567327405642,0.0,0.9278645833333333
72.10153886894523,227.10912984229736,0.0,0.9268473307291667
72.20154100078116,228.1537350213165,0.0,0.9288818359375
72.30154313242201,227.72772703691493,0.0,0.9288818359375
72.40154526425795,226.7339891647122,0.0,0.9288818359375
72.50154739589834,225.66970353693327,0.0,0.9298990885416667
72.60154952890616,224.74768262456323,0.0,0.9288818359375
72.7015516632814,224.24121904091632,0.0,0.9298990885416667
72.80155379785174,223.46145989360835,0.0,0.9288818359375
72.90155593242207,222.05443585802334,0.0,0.9278645833333333
73.0015580669924,222.55035047816904,0.0,0.9288818359375
73.10156020156273,221.8520487036267,0.0,0.9288818359375
73.20156233613307,222.62120310611442,0.0,0.9298990885416667
73.3015644707034,221.38661736588946,0.0,0.9298990885416667
73.40156660527373,220.3548661999178,0.0,0.9288818359375
73.50156873964852,219.81891808604755,0.0,0.9298990885416667
73.60157087558582,219.37406145062263,0.0,0.9288818359375
73.70157301171866,218.40371964389715,0.0,0.9288818359375
73.80157514804705,218.28245130994122,0.0,0.9288818359375
73.9015772841799,216.847850029937,0.0,0.9278645833333333
74.00157942031274,217.5549542973351,0.0,0.9288818359375
74.10158155644558,216.43377275923038,0.0,0.9278645833333333
74.20158369277351,217.41351894588772,0.0,0.9298990885416667
74.30158582890635,216.32268933266033,0.0,0.9298990885416667
74.4015879650392,215.36351564388625,0.0,0.9298990885416667
74.50159010117204,214.6973340728952,0.0,0.9298990885416667
74.60159223632809,213.77906562869973,0.0,0.9288818359375
74.70159437128905,212.89134702357654,0.0,0.9288818359375
74.80159650644555,212.649288756088,0.0,0.9288818359375
74.90159864140651,210.98567293725458,0.0,0.9278645833333333
75.00160077656255,211.68125400847995,0.0,0.9288818359375
75.10160291152351,210.844560130601,0.0,0.9278645833333333
75.20160504667956,212.02406353294572,0.0,0.9288818359375
75.30160718164052,210.67321769450032,0.0,0.9288818359375
75.40160931679702,209.59498865471673,0.0,0.9288818359375
75.50161145117181,209.03083179435595,0.0,0.9288818359375
75.60161358515643,208.3056363321718,0.0,0.9288818359375
75.7016157189455,207.00673992561505,0.0,0.9278645833333333
75.80161785273458,207.10741090821293,0.0,0.9288818359375
75.90161998652366,205.56748117037282,0.0,0.9268473307291667
76.00162212031273,205.82911827274856,0.0,0.9268473307291667
76.10162425410181,205.15494080546517,0.0,0.9268473307291667
76.20162638789088,206.05051947068517,0.0,0.9278645833333333
76.30162852187505,205.31592618966116,0.0,0.9278645833333333
76.40163065566412,204.6217309567066,0.0,0.9288818359375
76.50163279023445,203.62595528182166,0.0,0.9288818359375
76.60163492519541,202.8516574258326,0.0,0.9278645833333333
76.70163706035146,201.27340543088624,0.0,0.9268473307291667
76.80163919531242,200.94175597758615,0.0,0.9278645833333333
76.90164133046892,199.37434468745306,0.0,0.925830078125
77.00164346542988,199.84651148697267,0.0,0.9268473307291667
77.10164560058593,199.02276737139866,0.0,0.925830078125
77.20164773554689,199.866604940876,0.0,0.9268473307291667
77.30164987070339,199.233710072141,0.0,0.9268473307291667
77.40165200566435,198.2293188579536,0.0,0.925830078125
77.5016541423829,197.84771425562892,0.0,0.9268473307291667
77.60165627890638,197.40589941246796,0.0,0.9268473307291667
77.70165841542985,196.37182781709026,0.0,0.925830078125
77.80166055195332,195.47850307828267,0.0,0.925830078125
77.90166268867188,193.68233174055374,0.0,0.9237955729166667
78.00166482519535,194.5552474892308,0.0,0.9248128255208333
78.10166696171882,194.8061143401909,0.0,0.925830078125
78.20166909824229,194.96667605109218,0.0,0.925830078125
78.30167123496085,193.79269187772994,0.0,0.9268473307291667
78.40167337207049,193.3412338836813,0.0,0.9268473307291667
78.50167551074219,192.2077468658316,0.0,0.925830078125
78.6016776492188,190.96419326946196,0.0,0.925830078125
78.70167978769541,190.1319648178217,0.0,0.9248128255208333
78.80168192617202,189.4702740765818,0.0,0.9248128255208333
78.90168406484372,187.64595813575994,0.0,0.9227783203125
79.00168620332033,187.93661355029258,0.0,0.9227783203125
79.10168834179694,187.7562053625254,0.0,0.9227783203125
79.20169048027356,188.98908776500966,0.0,0.9237955729166667
79.30169261894525,188.08695719394166,0.0,0.9237955729166667
79.40169475585935,186.93440185595162,0.0,0.9237955729166667
79.5016968919922,185.92229974236548,0.0,0.9227783203125
79.60169902792995,185.77199812137644,0.0,0.9227783203125
79.7017011640628,184.71995796806542,0.0,0.9227783203125
79.8017033000001,183.92849945467364,0.0,0.9217610677083333
79.90170543613294,182.39583755916033,0.0,0.9207438151041667
80.00170757207025,183.46767781199145,0.0,0.9217610677083333
80.10170970820309,182.87665142428412,0.0,0.9207438151041667
80.20171184414085,183.457660164043,0.0,0.9227783203125
80.30171398027369,182.1955036971329,0.0,0.9217610677083333
80.40171611582036,181.43426099498026,0.0,0.9227783203125
80.50171825156258,180.83330629224562,0.0,0.9217610677083333
80.6017203873048,180.16226404881502,0.0,0.9217610677083333
80.70172252304701,179.39109244925484,0.0,0.9217610677083333
80.80172465878923,178.90035888184613,0.0,0.9217610677083333
80.90172679453144,177.48828423423933,0.0,0.9207438151041667
81.00172893027366,178.2093382189175,0.0,0.9217610677083333
81.10173106582033,177.17783267339178,0.0,0.9207438151041667
81.20173320156255,177.8287808532179,0.0,0.9217610677083333
81.30173533574225,177.63850312583077,0.0,0.9227783203125
81.40173746621122,175.66563641325249,0.0,0.9217610677083333
81.50173959667973,175.5154174013902,0.0,0.9217610677083333
81.60174172714869,174.76431624504053,0.0,0.9217610677083333
81.70174385742212,174.07329044494577,0.0,0.9217610677083333
81.80174598789063,172.96160235505303,0.0,0.9217610677083333
81.90174811835959,171.90994667337247,0.0,0.9207438151041667
82.00175024863302,173.26206409109605,0.0,0.9217610677083333
82.10175237910153,171.7396720305944,0.0,0.9207438151041667
82.20175450957049,172.41074335732387,0.0,0.9217610677083333
82.301756640039,171.27891846209513,0.0,0.9217610677083333
82.40175877070305,170.27722173809693,0.0,0.9217610677083333
82.50176090117202,169.8965534857844,0.0,0.9217610677083333
82.60176303183607,169.0349871464344,0.0,0.9207438151041667
82.70176516250012,168.23345574780478,0.0,0.9207438151041667
82.80176729296863,168.353690358277,0.0,0.9207438151041667
82.90176942363269,166.50988150069378,0.0,0.9197265625
83.00177155429674,167.68235698862495,0.0,0.9207438151041667
83.1017736847657,166.91075006698298,0.0,0.9207438151041667
83.20177581542976,167.32161603496306,0.0,0.9217610677083333
83.30177794667998,166.42970488251262,0.0,0.9217610677083333
83.40178007832037,165.0865929982066,0.0,0.9207438151041667
83.50178220976568,164.58535268062724,0.0,0.9207438151041667
83.60178434121099,164.0539873178829,0.0,0.9207438151041667
83.70178647285184,163.5426219576946,0.0,0.9207438151041667
83.80178860429714,163.11142979983657,0.0,0.9207438151041667
83.90179073574245,160.7240885582856,0.0,0.9187093098958333
84.00179286738285,162.21883698179195,0.0,0.9207438151041667
84.10179499882815,161.7273337498389,0.0,0.9197265625
84.20179713085963,162.8607188665989,0.0,0.9217610677083333
84.30179926425808,161.95804624816859,0.0,0.9217610677083333
84.40180139746099,160.3327553477422,0.0,0.9217610677083333
84.50180353085943,159.59011602247665,0.0,0.9207438151041667
84.6018056640628,159.0982863488976,0.0,0.9207438151041667
84.7018077972657,158.3754740594191,0.0,0.9207438151041667
84.80180993066415,157.82322270322422,0.0,0.9207438151041667
84.90181206386706,156.49743503379142,0.0,0.9197265625
85.0018141972655,157.48178477071764,0.0,0.9207438151041667
85.10181633046886,156.43715855449148,0.0,0.9197265625
85.20181846640617,156.9494708389009,0.0,0.9207438151041667
85.30182060429706,156.4472047175092,0.0,0.9207438151041667
85.40182274199242,155.77403724286413,0.0,0.9207438151041667
85.50182487988286,154.4674432907765,0.0,0.9207438151041667
85.6018270177733,153.96474237938233,0.0,0.9197265625
85.7018291556642,153.14010528828751,0.0,0.9197265625
85.80183129335956,152.69750748380295,0.0,0.9197265625
85.90183343125,151.5906644795489,0.0,0.9187093098958333
86.0018355691409,152.73774687718756,0.0,0.9197265625
86.10183770703134,151.35916888342373,0.0,0.9187093098958333
86.2018398382811,152.4661182964974,0.0,0.9197265625
86.30184196894561,151.81207378266708,0.0,0.9197265625
86.40184409980475,150.69474872679794,0.0,0.9197265625
86.5018462304688,150.09056115862805,0.0,0.9197265625
86.60184836113285,149.33509287500289,0.0,0.9197265625
86.7018504917969,148.69021488080517,0.0,0.9187093098958333
86.8018526226565,148.2165049645167,0.0,0.9187093098958333
86.90185475332055,146.83505157795565,0.0,0.9176920572916667
87.0018568839846,148.0854593852536,0.0,0.9197265625
87.10185901640625,147.23849608222753,0.0,0.9187093098958333
87.20186115371098,147.89391590976618,0.0,0.9197265625
87.30186329082062,147.4301028798054,0.0,0.9197265625
87.40186542812489,145.53335726636584,0.0,0.9197265625
87.50186756542962,144.90740835714524,0.0,0.9197265625
87.60186970253926,145.20021803164923,0.0,0.9197265625
87.70187183984399,143.614423053913,0.0,0.9187093098958333
87.80187397714872,143.4224125065438,0.0,0.9187093098958333
87.9018761142579,141.8349450313479,0.0,0.9176920572916667
88.00187825156263,142.8866877421849,0.0,0.9187093098958333
88.10188038789056,142.29010997318846,0.0,0.9176920572916667
88.20188252343769,143.45273141508662,0.0,0.9187093098958333
88.3018846591799,142.58337037445182,0.0,0.9187093098958333
88.40188679492212,141.5213112046742,0.0,0.9187093098958333
88.5018889304688,140.691395410258,0.0,0.9187093098958333
88.60189106621101,140.1851285610277,0.0,0.9187093098958333
88.70189320195323,139.4152748323079,0.0,0.9176920572916667
88.8018953374999,139.25314908003233,0.0,0.9187093098958333
88.90189747324212,137.84391068374,0.0,0.9166748046875
89.00189960898433,138.5943264175874,0.0,0.9176920572916667
89.10190174453146,137.89462709956405,0.0,0.9166748046875
89.20190388007813,138.58418832059206,0.0,0.9187093098958333
89.30190601562526,137.92505606249955,0.0,0.9176920572916667
89.40190815117194,137.40767282620362,0.0,0.9187093098958333
89.50191028671861,136.62615460727443,0.0,0.9176920572916667
89.60191242246083,135.91528763290972,0.0,0.9187093098958333
89.70191455800796,134.51272520063486,0.0,0.9176920572916667
89.80191669355463,134.66525237126703,0.0,0.9176920572916667
89.90191882910176,133.2002176670517,0.0,0.9166748046875
90.00192096367209,134.2584720419423,0.0,0.9176920572916667
90.10192309394552,133.66840429353354,0.0,0.9166748046875
90.20192522441403,134.97025149056043,0.0,0.9187093098958333
90.30192735488299,133.51575451042547,0.0,0.9187093098958333
90.4019294853515,131.91685708878236,0.0,0.9176920572916667
90.50193161562493,131.21346869392244,0.0,0.9176920572916667
90.60193374609389,130.9381124289567,0.0,0.9176920572916667
90.7019358765624,130.71369869616578,0.0,0.9176920572916667
90.80193800703137,130.23411943091824,0.0,0.9166748046875
90.90194013749988,128.55905736647023,0.0,0.9156575520833333
91.00194227207021,129.3254116903946,0.0,0.9166748046875
91.10194441035173,129.17218438133523,0.0,0.9156575520833333
91.2019465486328,130.15246842228876,0.0,0.9176920572916667
91.30194868671879,129.16196845743235,0.0,0.9166748046875
91.40195082499986,128.22168744876726,0.0,0.9166748046875
91.50195296328138,127.86375308230211,0.0,0.9166748046875
91.60195510136737,127.01444567119529,0.0,0.9166748046875
91.70195723964844,126.01074051975735,0.0,0.9156575520833333
91.80195937773442,126.36932109941702,0.0,0.9166748046875
91.90196151601549,125.07782550080003,0.0,0.9146402994791667
92.0019636500001,126.2976152224879,0.0,0.9166748046875
92.10196578320301,125.79553046272406,0.0,0.9166748046875
92.20196791660146,126.52295938948487,0.0,0.9176920572916667
92.30197004980482,125.15987544956303,0.0,0.9176920572916667
92.40197218320327,124.50328201714721,0.0,0.9176920572916667
92.50197431640618,123.53809630708798,0.0,0.9176920572916667
92.60197644980462,123.18874394586642,0.0,0.9176920572916667
92.70197858300799,122.94206363079364,0.0,0.9176920572916667
92.80198071640643,122.2633535084506,0.0,0.9176920572916667
92.9019828503906,120.20354066718099,0.0,0.9156575520833333
93.00198498808595,121.36791819553356,0.0,0.9176920572916667
93.10198712597685,120.81168128946467,0.0,0.9166748046875
93.20198926367175,121.9032273802844,0.0,0.9176920572916667
93.3019914013671,121.34732301456528,0.0,0.9187093098958333
93.40199353906246,120.15198392117375,0.0,0.9187093098958333
93.50199567675782,119.53306400094276,0.0,0.9176920572916667
93.60199781464871,119.03760741689148,0.0,0.9187093098958333
93.70199995234361,118.37654891927082,0.0,0.9187093098958333
93.80200209003897,118.31454807771566,0.0,0.9187093098958333
93.90200422597673,116.47307249088644,0.0,0.9166748046875
94.00200636035152,117.96312308259573,0.0,0.9187093098958333
94.10200849453122,117.39432629260668,0.0,0.9187093098958333
94.20201062890646,117.87007399407746,0.0,0.9197265625
94.30201276308617,117.17704565273625,0.0,0.9207438151041667
94.40201489746096,116.95970726396006,0.0,0.9207438151041667
94.5020170318362,116.45235812927741,0.0,0.9156575520833333
94.6020191660159,115.37447129035769,0.0,0.9217610677083333
94.7020213003907,113.97308363449595,0.0,0.9217610677083333
94.8020234345704,113.57815931880876,0.0,0.9217610677083333
94.9020255732421,112.61076452183825,0.0,0.9207438151041667
95.00202771269551,113.78603969201038,0.0,0.9227783203125
95.102029852344,112.95417602108178,0.0,0.9217610677083333
95.20203199179696,113.74446815309979,0.0,0.9237955729166667
95.30203413144545,112.95417602108178,0.0,0.9237955729166667
95.4020362708984,112.13180560409745,0.0,0.9237955729166667
95.50203841035182,111.18338211447907,0.0,0.9237955729166667
95.60204054999986,110.74523137930568,0.0,0.9237955729166667
95.70204268945326,110.42166346350264,0.0,0.9248128255208333
95.80204482871113,109.60687535014561,0.0,0.9237955729166667
95.90204696582032,107.86968144780882,0.0,0.9227783203125
96.00204910292996,108.64463056388675,0.0,0.9237955729166667
96.10205124003915,107.13581208751226,0.0,0.9217610677083333
96.20205337714833,108.48761668448664,0.0,0.9237955729166667
96.30205551445306,108.29915291773658,0.0,0.9237955729166667
96.4020576515627,107.45042467746691,0.0,0.9227783203125
96.50205978867189,106.94697414228155,0.0,0.9237955729166667
96.60206192578153,105.66566395764059,0.0,0.9227783203125
96.70206406289071,104.1922223723247,0.0,0.9207438151041667
96.8020661999999,104.49771052628869,0.0,0.9217610677083333
96.90206833750017,104.0341542092149,0.0,0.9207438151041667
97.0020704748049,105.73924877239293,0.0,0.9217610677083333
97.10207261210962,105.55001403789855,0.0,0.9227783203125
97.20207474960944,105.6446382131406,0.0,0.9237955729166667
97.30207688691416,104.56089688306272,0.0,0.9237955729166667
97.40207902421889,103.4542358628262,0.0,0.9227783203125
97.5020811617187,102.6308940251254,0.0,0.9227783203125
97.60208329902343,103.05325511941257,0.0,0.9237955729166667
97.70208543632816,102.282231311069,0.0,0.9237955729166667
97.80208757636728,102.06025326769272,0.0,0.9248128255208333
97.90208971738275,100.71610686319406,0.0,0.9237955729166667
98.00209185820313,101.64779699188324,0.0,0.9248128255208333
98.10209399921905,100.39815884322772,0.0,0.9237955729166667
98.20209614003898,101.61605815749749,0.0,0.9268473307291667
98.3020982810549,100.7267022556044,0.0,0.9268473307291667
98.40210042187528,99.45392291496192,0.0,0.9268473307291667
98.50210256289074,98.52945448749117,0.0,0.925830078125
98.60210470371112,97.95491377845714,0.0,0.925830078125
98.7021068435547,97.13467659000887,0.0,0.925830078125
98.80210897460938,97.7313280919825,0.0,0.9268473307291667
98.90211110546898,95.69375564620724,0.0,0.9248128255208333
99.00211323652366,96.55874636595955,0.0,0.925830078125
99.1021153673828,95.87540672754291,0.0,0.925830078125
99.20211749843747,96.94276427030617,0.0,0.9268473307291667
99.30211962929707,96.25988667157344,0.0,0.9268473307291667
99.40212176035175,95.54411656342037,0.0,0.9278645833333333
99.50212389140643,94.59190140270755,0.0,0.9268473307291667
99.60212602226557,94.08838577175618,0.0,0.9268473307291667
99.70212815468767,93.6273181148195,0.0,0.9268473307291667
99.80213028867183,93.32687871061259,0.0,0.9278645833333333
99.90213242265645,91.31607060313272,0.0,0.925830078125
100.00213455664061,92.02663008871107,0.0,0.9268473307291667
100.10213669062523,92.00511191327654,0.0,0.9268473307291667
100.20213882460939,92.88664963205248,0.0,0.9278645833333333
100.30214095859401,91.68223502567952,0.0,0.9278645833333333
100.40214309257817,91.14367026431822,0.0,0.9288818359375
100.50214522656279,89.8272529975668,0.0,0.9278645833333333
100.60214736054695,89.07042394884405,0.0,0.9268473307291667
100.70214949707042,88.7890322811545,0.0,0.9268473307291667
100.80215163437515,88.49665396977845,0.0,0.9268473307291667
100.90215377187496,87.90054862515109,0.0,0.9268473307291667
101.00215590917969,88.74572753131797,0.0,0.9278645833333333
101.10215804667996,87.15171206481213,0.0,0.9268473307291667
101.20216018398423,88.05235097116032,0.0,0.9278645833333333
101.3021623214845,87.27116652839062,0.0,0.9278645833333333
101.40216445878923,86.88011864647721,0.0,0.9288818359375
101.50216659609396,85.82493129000935,0.0,0.9278645833333333
101.60216873320314,85.37824603550979,0.0,0.9278645833333333
101.70217086679713,84.49457032128551,0.0,0.9268473307291667
101.80217300039067,84.26520691517581,0.0,0.9268473307291667
101.90217513378911,83.22624549182274,0.0,0.9268473307291667
102.0021772673831,84.87660200956232,0.0,0.9278645833333333
102.10217940097664,83.52175787340992,0.0,0.9268473307291667
102.20218153457017,84.58191832621591,0.0,0.9288818359375
102.30218366796862,83.302877334258,0.0,0.9288818359375
102.40218580156261,82.04235904549219,0.0,0.9288818359375
102.50218793515614,81.26244299542569,0.0,0.9278645833333333
102.6021900701171,81.15249126917618,0.0,0.9288818359375
102.7021922070312,80.2168509578931,0.0,0.9278645833333333
102.80219434375022,79.90822547464552,0.0,0.9278645833333333
102.90219648066432,78.4504709231023,0.0,0.9268473307291667
103.00219861738287,79.77589407249894,0.0,0.9278645833333333
103.10220075429697,79.06948098734124,0.0,0.9268473307291667
103.20220289121107,80.0956298672503,0.0,0.9288818359375
103.30220502792963,78.76008133622636,0.0,0.9288818359375
103.40220716484373,77.36516035047866,0.0,0.9278645833333333
103.50220930156274,76.85482213154847,0.0,0.9278645833333333
103.60221143378931,75.97700315705677,0.0,0.9278645833333333
103.70221356425782,75.5430059076536,0.0,0.9278645833333333
103.80221569472678,75.85463696306735,0.0,0.9278645833333333
103.9022178251953,74.55099056976874,0.0,0.9268473307291667
104.00221995566426,75.40938209224733,0.0,0.9278645833333333
104.10222208613277,74.23842850987288,0.0,0.9268473307291667
104.20222421660173,74.79641754826588,0.0,0.9278645833333333
104.30222634707025,74.02620448634582,0.0,0.9278645833333333
104.40222847753921,74.1714216278985,0.0,0.9288818359375
104.50223060820326,73.10909164083441,0.0,0.9288818359375
104.60223273808606,72.41436127650071,0.0,0.9288818359375
104.70223486796885,70.58244862811831,0.0,0.9268473307291667
104.80223699785165,70.72884484844039,0.0,0.9278645833333333
104.90223912773445,68.68591286769191,0.0,0.925830078125
105.00224125761724,69.92867071659506,0.0,0.9268473307291667
105.10224338750004,70.07529628273332,0.0,0.9268473307291667
105.20224551738283,70.75136280435379,0.0,0.9278645833333333
105.30224764726563,69.9399514402832,0.0,0.9278645833333333
105.40224977714843,68.60670150705388,0.0,0.9278645833333333
105.50225190722676,67.6322821342556,0.0,0.9278645833333333
105.60225403789082,67.26911288695727,0.0,0.9278645833333333
105.70225616855487,66.99652274559583,0.0,0.9278645833333333
105.80225829921892,66.14349264931154,0.0,0.9268473307291667
105.90226042988297,64.62631418146522,0.0,0.925830078125
106.00226256054702,65.96127895845721,0.0,0.9268473307291667
106.10226469121108,64.85483018501398,0.0,0.925830078125
106.20226682187513,65.53959263521034,0.0,0.9268473307291667
106.30226895253918,65.16311875612637,0.0,0.9278645833333333
106.40227108300769,64.27185415808857,0.0,0.9278645833333333
106.50227321953116,63.516137310066625,0.0,0.9268473307291667
106.6022753583984,62.24187126679267,0.0,0.9268473307291667
106.70227749726564,60.89419515603787,0.0,0.925830078125
106.80227963632842,61.02109995927995,0.0,0.925830078125
106.9022817751952,59.507047673440674,0.0,0.9237955729166667
107.00228391406245,60.455474534532215,0.0,0.9248128255208333
107.10228605312523,60.52477950775085,0.0,0.9248128255208333
107.20228819199247,61.47069921494371,0.0,0.925830078125
107.30229033085925,59.6112583753008,0.0,0.9248128255208333
107.40229246972649,58.985565868456455,0.0,0.925830078125
107.50229460488299,59.00875803445908,0.0,0.925830078125
107.60229674003904,57.95207380536398,0.0,0.9248128255208333
107.70229887519554,56.85743240384561,0.0,0.9248128255208333
107.80230101054713,56.77578845068234,0.0,0.9248128255208333
107.90230314570317,54.84611429116018,0.0,0.9227783203125
108.00230528085967,55.98174400909001,0.0,0.9248128255208333
108.10230741601572,55.30312697704225,0.0,0.9237955729166667
108.20230955117177,56.5190768703891,0.0,0.925830078125
108.30231168652335,54.95162901920137,0.0,0.9248128255208333
108.40231382128923,54.130160174141196,0.0,0.9248128255208333
108.50231595625019,53.106618416531745,0.0,0.9248128255208333
108.6023180910156,52.54067282067452,0.0,0.9248128255208333
108.70232022597656,51.879284700636696,0.0,0.9237955729166667
108.80232236074244,51.453466432930384,0.0,0.9237955729166667
108.9023244957034,48.780578848624664,0.0,0.9217610677083333
109.00232663046881,50.45792570409048,0.0,0.9227783203125
109.10232876523423,50.32735231875518,0.0,0.9227783203125
109.2023309001952,51.5008044191706,0.0,0.9237955729166667
109.30233303496107,50.25611037123127,0.0,0.9237955729166667
109.40233517070328,49.18576987129052,0.0,0.9237955729166667
109.50233730683613,47.75360699076272,0.0,0.9227783203125
109.60233944296897,47.20306495230992,0.0,0.9227783203125
109.7023415792969,46.603667890636395,0.0,0.9227783203125
109.80234371542974,46.135423757596065,0.0,0.9217610677083333
109.90234585156259,44.13529727370882,0.0,0.9207438151041667
110.00234798769543,45.678580086869054,0.0,0.9227783203125
110.10235012382827,44.835450085674665,0.0,0.9207438151041667
110.2023522601562,46.615665898698545,0.0,0.9227783203125
110.30235439628905,45.06450247278956,0.0,0.9227783203125
110.40235653125,43.91771919778097,0.0,0.9227783203125
110.50235866621097,42.75497034771972,0.0,0.9217610677083333
110.60236080117193,42.00192379711068,0.0,0.9217610677083333
110.70236293613289,41.5273793686809,0.0,0.9207438151041667
110.80236507109385,41.612602773008206,0.0,0.9217610677083333
110.9023672060548,39.87957903502063,0.0,0.9197265625
111.00236934082022,41.149704180077116,0.0,0.9217610677083333
111.10237147578118,39.304007533163826,0.0,0.9197265625
111.20237361074214,40.42973831449361,0.0,0.9207438151041667
111.3023757457031,40.5885064824672,0.0,0.9217610677083333
111.40237788105469,39.05878427463387,0.0,0.9217610677083333
111.50238001640628,38.19908747657684,0.0,0.9217610677083333
111.60238215175787,37.49741161492707,0.0,0.9217610677083333
111.70238428710945,36.39884566341792,0.0,0.9207438151041667
111.80238642246104,35.829617571866926,0.0,0.9207438151041667
111.90238855761709,34.340035998248645,0.0,0.9197265625
112.00239069296867,36.299919774638965,0.0,0.9207438151041667
112.10239282832026,35.718132150632215,0.0,0.9207438151041667
112.20239496367185,36.43593525681356,0.0,0.9217610677083333
112.30239709628904,34.93667759403483,0.0,0.9207438151041667
112.40239922734372,33.829544453648325,0.0,0.9217610677083333
112.50240135859394,34.12846522388087,0.0,0.9217610677083333
112.60240348984371,33.20591468794641,0.0,0.9217610677083333
112.70240562109393,31.729403914849293,0.0,0.9207438151041667
112.8024077523437,30.950912416419236,0.0,0.9197265625
112.90240988339838,29.22401636094982,0.0,0.9187093098958333
113.0024120146486,30.85032542973179,0.0,0.9197265625
113.10241414589836,29.956240702201995,0.0,0.9197265625
113.20241627714859,31.90493396077649,0.0,0.9217610677083333
113.3024184128908,30.460254942088362,0.0,0.9207438151041667
113.40242054863302,29.691317378317073,0.0,0.9207438151041667
113.50242268457032,28.578782317423446,0.0,0.9207438151041667
113.60242482031254,27.97031424106378,0.0,0.9207438151041667
113.70242695605475,26.54603127859012,0.0,0.9197265625
113.80242909199205,26.469550400681037,0.0,0.9197265625
113.90243122773427,25.03851445045467,0.0,0.9187093098958333
114.00243336347648,26.915429890539965,0.0,0.9197265625
114.10243549941424,25.805943797707908,0.0,0.9197265625
114.20243763496092,27.080883349092574,0.0,0.9207438151041667
114.30243976933616,25.93366822236603,0.0,0.9207438151041667
114.40244190371095,24.551511411955122,0.0,0.9197265625
114.5024440380862,22.853948748980493,0.0,0.9197265625
114.60244617246099,22.969983083156237,0.0,0.9207438151041667
114.70244830683623,21.911192010853,0.0,0.9197265625
114.80245044140611,21.263826336651302,0.0,0.9197265625
114.90245257578135,19.84789761447875,0.0,0.9187093098958333
115.00245471015614,21.393406761371594,0.0,0.9197265625
115.10245684453139,20.719000516877095,0.0,0.9187093098958333
115.20245897832046,21.846515706601753,0.0,0.9197265625
115.30246111152337,21.04341615784156,0.0,0.9197265625
115.40246324492182,20.095174475487326,0.0,0.9197265625
115.50246537832027,19.743722199152202,0.0,0.9197265625
115.60246751171871,19.430986297130897,0.0,0.9197265625
115.70246964492208,19.209274376091205,0.0,0.9197265625
115.80247177832052,18.464728908225688,0.0,0.9187093098958333
115.90247391171897,16.83880173020808,0.0,0.9187093098958333
116.00247604492188,18.111424007063647,0.0,0.9197265625
116.10247817832033,16.970242738019003,0.0,0.9187093098958333
116.20248030742187,17.86255999107496,0.0,0.9197265625
116.30248243632832,17.61349549074162,0.0,0.9197265625
116.40248456523432,16.52311442586201,0.0,0.9197265625
116.50248669414077,16.799358497812676,0.0,0.9197265625
116.60248882304677,16.02261340777208,0.0,0.9197265625
116.70249095195322,14.648638583083088,0.0,0.9187093098958333
116.80249308085968,14.304181079341198,0.0,0.9187093098958333
116.90249520996122,11.975563113380247,0.0,0.9166748046875
117.00249733886722,13.800045002409359,0.0,0.9187093098958333
117.10249946875001,13.361567354742704,0.0,0.9176920572916667
117.20250160117212,15.019160353102865,0.0,0.9187093098958333
117.30250373359377,14.03894984339739,0.0,0.9187093098958333
117.40250586601587,12.949089964686447,0.0,0.9187093098958333
117.50250799843752,11.882047549621625,0.0,0.9176920572916667
117.60251013085963,11.694930170416274,0.0,0.9187093098958333
117.70251226328128,10.824659264975061,0.0,0.9176920572916667
117.80251439589847,9.830842820766328,0.0,0.9166748046875
117.90251652832058,7.50820369488062,0.0,0.9156575520833333
118.00251866074223,9.696293036726843,0.0,0.9166748046875
118.10252079707061,9.305760189071883,0.0,0.9166748046875
118.20252293574231,10.811250990732148,0.0,0.9176920572916667
118.302525074414,9.9115440124285,0.0,0.9176920572916667
118.40252721308616,8.955198234299129,0.0,0.9176920572916667
118.50252935156277,8.158180771946995,0.0,0.9166748046875
118.60253149023447,8.17170708127966,0.0,0.9176920572916667
118.70253362890617,7.616630538481183,0.0,0.9166748046875
118.80253576757832,7.3590530683220665,0.0,0.9166748046875
118.90253790625002,5.84983807012524,0.0,0.9156575520833333
119.00254004492217,7.236965801612908,0.0,0.9166748046875
119.10254218105456,6.380966035646842,0.0,0.9156575520833333
119.2025443171874,7.7927410359352445,0.0,0.9176920572916667
119.30254645312516,7.1284022340250575,0.0,0.9176920572916667
119.40254858906246,6.367359085210313,0.0,0.9176920572916667
119.5025507251953,5.9588639440980815,0.0,0.9176920572916667
119.60255286113306,5.38603608119855,0.0,0.9176920572916667
119.7025549972659,4.387797237313113,0.0,0.9176920572916667
119.80255713320321,3.290003268275938,0.0,0.9166748046875
119.90255926914051,2.849755086376754,0.0,0.9176920572916667
120.00256140527335,5.16752812815102,0.0,0.9187093098958333
120.10256354179683,4.360401389876918,0.0,0.9197265625
120.2025656783203,5.208510490956473,0.0,0.9197265625
120.30256781484377,4.291900808408809,0.0,0.9207438151041667
120.40256995136724,3.001163554353538,0.0,0.9217610677083333
120.50257208789071,1.994923348482022,0.0,0.9217610677083333
120.60257422441418,1.5804143513236113,0.0,0.9217610677083333
120.70257636093766,1.6633622546116689,0.0,0.9217610677083333
120.80257849746113,0.9852778919038574,0.0,0.9217610677083333
120.9025806339846,-0.19466586881436854,0.0,0.9217610677083333
121.00258276875002,1.7048275547965668,0.0,0.9227783203125
121.10258490253909,0.1806471396929541,0.0,0.9227783203125
121.20258703632817,1.7601056543125155,0.0,0.9248128255208333
121.30258917011724,1.234549433742214,0.0,0.9248128255208333
121.40259130390632,0.013899829849157275,0.0,0.9248128255208333
121.5025934376954,-0.1529410239999014,0.0,0.925830078125
121.60259557128893,-0.9606613366953427,0.0,0.925830078125
121.702597705078,-2.064378636628171,0.0,0.925830078125
121.80259983886708,-2.1343725353785064,0.0,0.9268473307291667
121.90260197265616,-3.3268054202997264,0.0,0.925830078125
122.00260410683586,-1.7146567458232438,0.0,0.9268473307291667
122.10260624101556,-2.9053983979430242,0.0,0.9268473307291667
122.20260837519527,-1.7845681416177885,0.0,0.9288818359375
122.30261050937497,-2.4565575065248066,0.0,0.9288818359375
122.40261264375022,-4.0163965793782594,0.0,0.9288818359375
122.50261477792992,-4.5099479755932625,0.0,0.9288818359375
122.60261691210962,-4.157327209560517,0.0,0.9298990885416667
122.70261904628933,-4.62287552627736,0.0,0.9298990885416667
122.80262118046903,-5.386267679715642,0.0,0.9288818359375
122.90262331562508,-7.602782532730931,0.0,0.9278645833333333
123.00262545429678,-6.194217800306999,0.0,0.9298990885416667
123.10262759277339,-7.246448427889803,0.0,0.9288818359375
123.20262973144554,-5.188161646621717,0.0,0.9309163411458333
123.30263186992215,-5.8112288147895015,0.0,0.9309163411458333
123.40263400839831,-6.180024152558648,0.0,0.93193359375
123.50263614707046,-7.089797867982565,0.0,0.9309163411458333
123.60263828554707,-8.402539234869238,0.0,0.9309163411458333
123.70264042402368,-9.061112180756584,0.0,0.9309163411458333
123.80264256269538,-9.161459207094488,0.0,0.9309163411458333
123.90264469960948,-10.44029586036933,0.0,0.9298990885416667
124.00264683554678,-9.20447556126035,0.0,0.9309163411458333
124.10264897148454,-9.591906252844993,0.0,0.9309163411458333
124.20265110761738,-8.273860263835472,0.0,0.93193359375
124.30265324355469,-8.960799386199568,0.0,0.9329508463541667
124.40265537949244,-9.951094310815808,0.0,0.93193359375
124.50265751542975,-10.670790608680836,0.0,0.93193359375
124.60265965136705,-11.435599640979841,0.0,0.93193359375
124.7026617873048,-11.825987047402648,0.0,0.93193359375
124.80266392324211,-11.56567106642229,0.0,0.93193359375
124.90266605722672,-13.07291841170887,0.0,0.9309163411458333
125.00266819121089,-11.406702708560772,0.0,0.93193359375
125.1026703251955,-10.829360771715923,0.0,0.9309163411458333
125.20267245917967,-10.281935597015135,0.0,0.93193359375
125.30267459316428,-11.478950376239151,0.0,0.93193359375
125.40267672714845,-11.478950376239151,0.0,0.9309163411458333
125.50267886113306,-12.41979289761683,0.0,0.9298990885416667
125.60268099511723,-12.738916884444954,0.0,0.9298990885416667
125.70268312910184,-12.884088172203779,0.0,0.9309163411458333
125.80268526269538,-12.550301633678089,0.0,0.9298990885416667
125.9026873957032,-14.368958547727246,0.0,0.9288818359375
126.00268952851593,-13.392754744361355,0.0,0.9298990885416667
126.1026916615233,-14.354364392787403,0.0,0.9227783203125
126.20269379453111,-12.28934222956881,0.0,0.9166748046875
126.30269592753893,-11.768119085568955,0.0,0.9085367838541667
126.40269806054675,-12.07205333302765,0.0,0.8973470052083333
126.50270019355457,-12.913131060282502,0.0,0.8881917317708333
126.6027023265624,-13.363664282857759,0.0,0.8749674479166667
126.70270445937513,-15.202030451515682,0.0,0.8617431640625
126.80270659160169,-14.617170559042886,0.0,0.8505533854166667
126.90270872324209,-15.612129017933722,0.0,0.8352945963541667
127.0027108546874,-13.552803936842409,0.0,0.8241048177083333
127.10271298632824,-13.829458678028637,0.0,0.8108805338541666
127.20271511796864,-12.724403709439464,0.0,0.7986735026041666
127.30271724941394,-13.480043464171189,0.0,0.7864664713541666
127.4027193810548,-14.091793920749307,0.0,0.7732421875
127.50272151269519,-13.552803936842409,0.0,0.7620524088541666
127.6027236441405,-13.989746733616688,0.0,0.7498453776041666
127.70272577578135,-15.231304151191875,0.0,0.73662109375
